{"sections":{"featured_product_PW9y3y":{"type":"featured-product","blocks":{"text_e7NPY6":{"type":"text","settings":{"text":"{{ section.settings.product.vendor }}","text_style":"uppercase"}},"title_YEU87x":{"type":"title","settings":{"heading_size":"h1"}},"price_Vej6nC":{"type":"price","settings":{}},"variant_picker_dmYBtN":{"type":"variant_picker","settings":{"picker_type":"button"}},"quantity_selector_qmUHdL":{"type":"quantity_selector","settings":{}},"buy_buttons_nC4VFW":{"type":"buy_buttons","settings":{"show_dynamic_checkout":true,"show_gift_card_recipient":true}},"share_EzW8iC":{"type":"share","settings":{"share_label":"Share"}},"custom_liquid_DaWLcr":{"type":"custom_liquid","settings":{"custom_liquid":"<p><a href=\"https:\/\/rebrand.ly\/bumidaftar\"><img alt=\"\" src=\"https:\/\/cdn.shopify.com\/s\/files\/1\/0853\/8046\/4913\/files\/4ab67b00-372b-4af3-b5a5-01842fa76b1a_480x480.gif?v=1705393639\" width=\"309\" height=\"163\" style=\"display: block; margin-left: auto; margin-right: auto;\"><\/a><\/p>\n<p><a href=\"https:\/\/rebrand.ly\/bumidaftar\" title=\"bumi303\">BUMI303<\/a>&nbsp;Slot gacor terlengkap 2024 dengan memiliki tingkat RTP tertinggi&nbsp;<a href=\"https:\/\/rebrand.ly\/bumidaftar\" title=\"bumi303\">Daftar Bumi303<\/a> kalian bisa bermain di seluruh permainan.<\/p>"}}},"block_order":["text_e7NPY6","title_YEU87x","price_Vej6nC","variant_picker_dmYBtN","quantity_selector_qmUHdL","buy_buttons_nC4VFW","share_EzW8iC","custom_liquid_DaWLcr"],"settings":{"product":"bumi303-slot-gacor-terbaru2024","color_scheme":"","secondary_background":false,"media_size":"medium","constrain_to_viewport":true,"media_fit":"contain","media_position":"left","image_zoom":"lightbox","hide_variants":false,"enable_video_looping":false,"padding_top":36,"padding_bottom":36}}},"order":["featured_product_PW9y3y"]}